Statistic,Value
Mean,-0.00028568272736813
Std Dev,0.316482102932799
Skewness,0.14804943048562
Kurtosis,5.63130370717629
