Parameter,Value
omega,0.00109729432070786
alpha,0.0283384602154301
beta,0.968920008667826
