Statistic,Value
Mean,-0.00224810798275445
Std Dev,0.963840093980045
Skewness,0.00839508733099485
Kurtosis,3.32894211555114
Excess Kurtosis,0.328942115551136
