Parameter,Value
omega,0.0009743319702839
alpha,0.0197109509863238
gamma,0.0140380004076912
beta,0.970892291682979
