Statistic,Value
Mean,0.00375988346922661
Std Dev,0.966247116543961
Skewness,0.0677665489844775
Kurtosis,3.36973737051782
Excess Kurtosis,0.36973737051782
