Model,Value
GARCH,-4078.2015137068
GJR-GARCH,-4074.18310416653
LR Test,8.03681908053841
Critical Value (5%),3.84145882069413
