Row,DF,DF_Trend,ADF_5,KPSS,VAR_Ratio
p_value,0.55032120943702,0.676338058591951,0.56706091000402,0.01,0.832083480099306
TestStatistic,-0.277353218108684,-1.83158693419935,-0.231636291003517,114.394305520579,0.212030191839839
CriticalValue,-1.9416,-3.41303235555556,-1.9416,0.146,1.95996398454005
