Row,DF,DF_Trend,ADF_5,KPSS,VAR_Ratio
p_value,0.001,0.001,0.001,0.1,2.11290376227924e-171
TestStatistic,-83.368662367666,-83.3567808414775,-34.2167447259833,0.0777792474900561,-27.9083496694309
CriticalValue,-1.9416,-3.4130326,-1.9416,0.146,1.95996398454005
