Statistic,Value
Mean,-0.00171977879233553
Std Dev,1.57183558006681
Skewness,-0.241568329978551
Kurtosis,4.80121830796263
