Metric,Value
MSFE GARCH,3.27788095326088
MSFE GJR-GARCH,3.27204165101367
VaR Exceedances (1%),0.00641025641025641
VaR Exceedances (5%),0.0448717948717949
