Statistic,Value
Mean,-0.00559039303164128
Std Dev,0.926693709057733
Skewness,-0.133405554718365
Kurtosis,2.50921119514479
Excess Kurtosis,-0.490788804855214
