Parameter,Coefficient,Std_Error,t_Statistic,p_Value
omega,0.0356036082081663,0.0196796615142295,1.80915754991126,0.0704265304161797
alpha,0.0856138153575683,0.0222095725853046,3.85481598210569,0.000115816710201777
beta,0.897452285865859,0.0174660803251995,51.3825809315124,0
