Statistic,Value
Mean,0.00172771835337034
Std Dev,0.929635597098413
Skewness,-0.0885562376072982
Kurtosis,2.53121548998413
Excess Kurtosis,-0.468784510015871
