Model,Value
GARCH,-1566.30994569789
GJR-GARCH,-1565.82258776087
LR Test,0.974715874037884
Critical Value (5%),3.84145882069413
