Test,Statistic,p_value,Reject_H0
Jarque-Bera,204.347013784304,0.001,1
Kolmogorov-Smirnov,0.0378883885497637,0.035005325760585,1
Shapiro-Wilk,NaN,7.85909115563754e-11,1
Cramér--von Mises,0.685730556748385,0.0132820631790852,1
