OriginalVariableNames,DF,KPSS,ADF_5_,VAR_Ratio
p-value,0.001,0.1,0.001,1.47008731093612e-42
Test Statistic,-25.6502119989828,0.0779593178591519,-14.5031073474344,-13.6730941322243
Critical Value (5\%),-1.9416,0.146,-1.9416,1.95996398454005
