OriginalVariableNames,DF,DF_Trend,KPSS,ADF_5_,VAR_Ratio
p-value,0.566932346578476,0.680528461839365,0.01,0.575069286884081,0.606559167589422
Test Statistic,-0.232146802901308,-1.8220678571271,22.9352009393193,-0.209936304909967,-0.514991202558573
Critical Value (5\%),-1.9416,-3.41440222222222,0.146,-1.9416,1.95996398454005
